customer_id,customer_name,gender,mobile_number
CID001,Akash Balaji,Male,7022770695
CID002,Sachin Baig,Other,7703467946
CID003,Akanksha Venkat,Female,7855886883
CID004,Nikita Rajan,Female,9736154240
CID005,Kunal Kapoor,Other,8504628596
CID006,Pankaj Agarwal,Male,9560312172
CID007,Priyank Shaikh,Male,7904229207
CID008,Shweta Bajaj,Female,9267512818
CID009,Sonia Chakraborty,Other,9909607774
CID010,Isha Gowda,Other,8954046129
CID011,Jai Siddiqui,Other,8076760421
CID012,Sourav Naidu,Other,9382121608
CID013,Trisha Tiwari,Female,8501552966
CID014,Amrita Paul,Female,8657095776
CID015,Akanksha Garg,Female,9551776533
CID016,Madhuri Khandelwal,Female,7760505651
CID017,Rekha Qureshi,Female,9988930602
CID018,Priyank Bansal,Male,9420194374
CID019,Komal Chakraborty,Female,7543766091
CID020,Megha Anand,Female,8677015650
CID021,Yogesh Balaji,Other,8344819657
CID022,Ganesh Jadhav,Other,8859279868
CID023,Rahul Reddy,Male,9284564704
CID024,Naresh Singh,Other,9668823060
CID025,Kratika Abraham,Female,7468031478
CID026,Vinita Gowda,Female,7516948478
CID027,Kajal Sheikh,Female,8020205423
CID028,Akash Saraogi,Male,9513781257
CID029,Karan Doshi,Male,7630730894
CID030,Shivam Bose,Other,7641962312
CID031,Shreyas Goyal,Male,7429970199
CID032,Meena Venkat,Female,9149709862
CID033,Simran Rao,Female,8401397620
CID034,Rashmi Chadha,Female,7834774835
CID035,Vaibhav Goyal,Male,7871964030
CID036,Rohit Doshi,Male,7810659800
CID037,Uma Antony,Female,8564692865
CID038,Nandini Iyer,Female,8122459793
CID039,Monika Bajaj,Female,9007263570
CID040,Dev Iyer,Other,8121522710
CID041,Heena Mukherjee,Female,8950971635
CID042,Kabir Ghosh,Male,9226446487
CID043,Ramesh Jain,Male,9574158445
CID044,Ekta Sethi,Female,8589464908
CID045,Vaibhav Menon,Male,8345591645
CID046,Dhaval Chatterjee,Male,9794424298
CID047,Sunil Qureshi,Male,9857657520
CID048,Pari Rao,Female,9966175424
CID049,Sudhir Dubey,Male,7383585460
CID050,Zubin Doshi,Male,8084739499
CID051,Ramesh Nair,Male,7840816814
CID052,Kunal Joshi,Other,8223273605
CID053,Aisha Roy,Other,9648386209
CID054,Balaji Menon,Other,9069254809
CID055,Zara Doshi,Female,9986864979
CID056,Supriya Mathew,Other,8093410495
CID057,Karan Jain,Male,7087447801
CID058,Isha Agarwal,Female,7134055806
CID059,Sanika Varghese,Female,8089563039
CID060,Roshan Reddy,Male,8428038602
CID061,Trisha Abraham,Other,7452408461
CID062,Jaya Paul,Female,7489578801
CID063,Sanket Sharma,Male,9552125225
CID064,Ganesh Oswal,Male,7428056767
CID065,Ishaan Shaikh,Other,9955514887
CID066,Nisha Dey,Female,9648628049
CID067,Neha Mirza,Female,7662293043
CID068,Shivam Ghosh,Other,8792650807
CID069,Aisha Chatterjee,Female,9130879336
CID070,Avni Kapoor,Other,9306539709
CID071,Dhaval Reddy,Male,8348053856
CID072,Naresh Hegde,Male,7621600164
CID073,Nisha Mathew,Other,8115539822
CID074,Zubair Oswal,Male,9389852314
CID075,Yusuf Qureshi,Male,8508608430
CID076,Payal Shinde,Female,8159976319
CID077,Sadhna Philip,Other,8475740964
CID078,Vikram Patil,Male,8910012669
CID079,Subha Kapoor,Other,7088209142
CID080,Pari Yadav,Other,7620033908
CID081,Rohini Gowda,Female,9847313511
CID082,Mukesh Yadav,Male,8276868009
CID083,Falak Joshi,Female,7159569046
CID084,Usha Rajan,Female,8122927156
CID085,Tara Thomas,Female,9568408942
CID086,Heena Desai,Female,9611213802
CID087,Rajesh Goyal,Male,9196366047
CID088,Yamini Anand,Female,8887270141
CID089,Vandana Dinesh,Other,7569733946
CID090,Amit Khan,Male,9995277702
CID091,Subha Banerjee,Female,9233725257
CID092,Anushka Ali,Female,7340941629
CID093,Kratika Walia,Other,9570753782
CID094,Ritesh Venkat,Male,9096965102
CID095,Shyam Jadhav,Other,9925354501
CID096,Nishant Saraogi,Male,8230446929
CID097,Arun Kapoor,Male,9454356445
CID098,Sneha Sen,Female,9535608493
CID099,Heena Nair,Female,8535567163
CID100,Mitali Das,Female,9896399473
CID101,Amit Pawar,Male,7762214220
CID102,Pranav Bhosale,Male,9452002049
CID103,Tara George,Other,8817423028
CID104,Kiran Jain,Female,8120298818
CID105,Sonam Chatterjee,Female,9336904031
CID106,Ruchi Shetty,Female,7515582500
CID107,Trisha Yadav,Other,9666322751
CID108,Kavya Yadav,Female,7536769078
CID109,Rahul Khan,Male,7906597236
CID110,Geeta Singhania,Other,7183801796
CID111,Ishan Kamath,Other,9074883008
CID112,Deepika Patil,Female,9132918550
CID113,Vaibhav Sundar,Male,7082451865
CID114,Radha Khanna,Other,7713525163
CID115,Sanket Banerjee,Male,7962984192
CID116,Manisha Ghosh,Female,7241308359
CID117,Kajal Antony,Female,8559729934
CID118,Vaishali Rajan,Other,7808126143
CID119,Deepa Joseph,Female,9775324808
CID120,Nisha Khan,Other,8486217388
CID121,Manish Roy,Male,8857287858
CID122,Vandana Bansal,Female,8214414847
CID123,Zoya Doshi,Other,9096260276
CID124,Geeta Nair,Female,7853487350
CID125,Arjun Srivastava,Male,8239825826
CID126,Faisal Shukla,Male,7205853559
CID127,Falak Rajan,Female,9172858002
CID128,Ranjana Dubey,Female,7979054837
CID129,Rekha Rao,Female,8376103690
CID130,Komal Antony,Other,9042670014
CID131,Shreyas Abraham,Male,9314727670
CID132,Kratika Antony,Female,9780347496
CID133,Divya Sethi,Female,9680834578
CID134,Priyanka Mittal,Female,9615578113
CID135,Suchitra Joseph,Female,8155266259
CID136,Pankaj Menon,Male,7071984039
CID137,Girish Thomas,Male,8095610458
CID138,Anjali Dey,Female,8356921174
CID139,Parth Shaikh,Other,7307984494
CID140,Bhavna Banerjee,Female,8796042250
CID141,Amit Kapoor,Male,8601629074
CID142,Tanvi Rao,Female,8113788640
CID143,Shyam Paul,Male,7627438822
CID144,Wasim Venkat,Male,8691818845
CID145,Aarav Ganesh,Other,7710816015
CID146,Om Rajan,Male,9133357401
CID147,Vijay Ganesh,Male,9613038617
CID148,Vaibhav Gupta,Other,9205594850
CID149,Pradeep Tiwari,Male,8483921749
CID150,Kavita Das,Female,7705610409
CID151,Ritu Philip,Female,8200117894
CID152,Ganesh George,Other,7482974978
CID153,Heena Krishnan,Other,9635448390
CID154,Sagar Singh,Other,9818251519
CID155,Suresh Bhatt,Male,7498466586
CID156,Bhavya Sundar,Female,7831266067
CID157,Monika Philip,Female,7512819048
CID158,Yusuf Malhotra,Male,7337049477
CID159,Aisha Chaudhary,Female,7703148340
CID160,Lavanya Tripathi,Female,7574720846
CID161,Vaishali Doshi,Other,8310987925
CID162,Simran Roy,Female,9944215102
CID163,Heena Saraogi,Female,9550602302
CID164,Shweta Chaudhary,Other,8850891452
CID165,Archana Pandey,Female,7763824104
CID166,Jatin Qureshi,Male,7185041948
CID167,Vivek Chaudhary,Male,7937982244
CID168,Rakhi Goyal,Female,9676378913
CID169,Simran Menon,Other,9396977875
CID170,Simran Chakraborty,Female,8244102164
CID171,Varsha Bhatia,Other,9366259496
CID172,Monika Jain,Other,8298574657
CID173,Sonal Oswal,Female,9758117472
CID174,Isha Shukla,Other,9423942591
CID175,Mukesh Nair,Male,9913752521
CID176,Nikita Khandelwal,Female,8953819645
CID177,Nikhil Cherian,Other,9414590419
CID178,Vandana Trivedi,Female,8950944382
CID179,Komal Mathew,Female,8072508170
CID180,Mohan Desai,Male,8933377975
CID181,Komal Dubey,Other,9311144977
CID182,Arjun Bhatt,Male,8134759368
CID183,Dhruv Dinesh,Male,9462307173
CID184,Sangita Chaudhary,Other,9499356690
CID185,Sangita Roy,Other,9936390142
CID186,Manish Abraham,Male,7701682919
CID187,Bhavna Sethi,Female,9409574283
CID188,Rupali Iyer,Female,8696692295
CID189,Sneha Kamath,Female,7444384711
CID190,Subha Ghosh,Female,7681734031
CID191,Ashok Modi,Male,7198908356
CID192,Durga Yadav,Female,7308215425
CID193,Kunal Rao,Other,7235032348
CID194,Avni Philip,Other,9355466673
CID195,Mitali Subramaniam,Female,7741134995
CID196,Mukesh Mittal,Other,9260955946
CID197,Akanksha Bhatia,Female,8012506154
CID198,Ishan Dey,Male,8811077276
CID199,Megha Iyer,Female,8496615574
CID200,Meena Mirza,Female,8925034090
CID201,Sahil Oswal,Male,7600818359
CID202,Supriya Patel,Other,9737135230
CID203,Naresh Khan,Male,9051308482
CID204,Lokesh Chakraborty,Male,9081137169
CID205,Megha Ghosh,Female,9510534916
CID206,Shyam Gupta,Other,9184799212
CID207,Sangita Naik,Female,7595232072
CID208,Gopal Banerjee,Male,7706065197
CID209,Manish Singh,Other,9538915102
CID210,Rajesh Trivedi,Male,9783765376
CID211,Lokesh Patil,Other,7406158611
CID212,Radha Subramaniam,Female,9012573697
CID213,Parth Krishnan,Male,9210161909
CID214,Kabir Shaikh,Male,8302306814
CID215,Gaurav Kapoor,Male,7064078491
CID216,Rohit Chakraborty,Male,7560311539
CID217,Sangita Mathew,Other,8405243084
CID218,Jaya Pillai,Female,7268633118
CID219,Manish Naik,Other,9875565055
CID220,Ashok Desai,Male,7199749549
CID221,Sudhir Kapoor,Male,7865871278
CID222,Sunil Doshi,Other,8215584837
CID223,Bharat Shaikh,Other,8883083522
CID224,Ram Pawar,Other,7631735659
CID225,Arun Sundar,Male,9444982078
CID226,Suresh Sundar,Male,8118205483
CID227,Ritu Shukla,Female,8622848122
CID228,Dhruv Singhania,Male,9470241245
CID229,Trisha Gupta,Female,9785342708
CID230,Charvi Venkat,Female,9363851047
CID231,Parth Menon,Other,9821532055
CID232,Ramesh Chatterjee,Male,7011148531
CID233,Bhavna Pawar,Female,8038926076
CID234,Harsh Khan,Male,9720147883
CID235,Lata Jadhav,Female,9933774830
CID236,Nisha Cherian,Female,7487122719
CID237,Sudhir Bhatia,Male,8016143721
CID238,Swati Chatterjee,Female,7329891125
CID239,Lavanya Abraham,Female,9405491366
CID240,Lakshmi Tiwari,Female,9165143421
CID241,Umesh Singhania,Male,9308006627
CID242,Ram Venkat,Male,9441452856
CID243,Vivek Bose,Male,9436362883
CID244,Ganesh Arora,Male,9715163809
CID245,Nikita Hussain,Other,8794984429
CID246,Ekta Naik,Other,8028981985
CID247,Lavanya Walia,Female,9818263647
CID248,Ishaan Chadha,Male,9185961316
CID249,Riya Malhotra,Female,7679714169
CID250,Kiran Chakraborty,Female,9223019468
CID251,Praveen Sheikh,Male,8460882695
CID252,Sanika Ali,Female,7045477602
CID253,Uma Balaji,Female,8624310113
CID254,Radhika Ali,Other,9622509521
CID255,Vijay Trivedi,Male,9233314208
CID256,Bhuvan Baig,Other,7657701754
CID257,Swati Agarwal,Other,7577838989
CID258,Bharat Srivastava,Male,9691877641
CID259,Simran Varghese,Other,8848609195
CID260,Rekha Bhatia,Female,7409082277
CID261,Vidya Chaudhary,Female,9906994685
CID262,Usha Mirza,Female,8977605007
CID263,Falak Nair,Other,8781142237
CID264,Geeta Menon,Female,8055831683
CID265,Isha Das,Female,9665465263
CID266,Dinesh Chakraborty,Other,7272500548
CID267,Arjun Kapoor,Male,7429567339
CID268,Rahul Jadhav,Male,7597029095
CID269,Rohit Antony,Other,9417889240
CID270,Zara Pillai,Female,8608273492
CID271,Bhavya George,Female,7523775290
CID272,Sonia Joshi,Female,7424193566
CID273,Kabir Bhatt,Male,8068598646
CID274,Sangita Nair,Female,9425572406
CID275,Tarun Ali,Male,9481973321
CID276,Rakesh Reddy,Male,7313848352
CID277,Jaya Dey,Female,9406607740
CID278,Prachi Trivedi,Female,8103374938
CID279,Kishan Patel,Other,9031594927
CID280,Sanket Ghosh,Male,8911200312
CID281,Dhaval Mirza,Other,7440578396
CID282,Vikram Bhosale,Male,7523386422
CID283,Seema Qureshi,Female,8507858697
CID284,Sanika Sharma,Female,8762839658
CID285,Balaji Abraham,Other,9811908175
CID286,Roshan Das,Male,7646314695
CID287,Akanksha Iyer,Female,7608124956
CID288,Vinay Rao,Male,9150132189
CID289,Naveen Trivedi,Male,9859318320
CID290,Rupali Dinesh,Female,7691497125
CID291,Shivam Iyer,Other,9102027008
CID292,Amit Dinesh,Male,7524188338
CID293,Wasim Hegde,Other,9384308300
CID294,Arun Ghosh,Male,9645299983
CID295,Pooja Shukla,Other,8211751440
CID296,Sushil Baig,Male,8485921570
CID297,Ishaan Chatterjee,Other,7329157350
CID298,Heena Paul,Female,7825755752
CID299,Vaibhav Saraogi,Male,9595008809
CID300,Yogesh Mathew,Other,8645527799
